file,BLEU,ROUGE_L,METEOR,ChrF,CrystalBLEU,CodeBLEU,Levenshtein,CodeBERTScore,CodeBLEURT,EmbeddingCosine,CloneJaccard
1.cc,,,,,,,,,,,
10.cc,,,,,,,,,,,
100.cc,,,,,,,,,,,
101.cc,,,,,,,,,,,
102.cc,,,,,,,,,,,
103.cc,,,,,,,,,,,
104.cc,,,,,,,,,,,
105.cc,,,,,,,,,,,
106.cc,,,,,,,,,,,
107.cc,,,,,,,,,,,
108.cc,,,,,,,,,,,
109.cc,,,,,,,,,,,
11.cc,,,,,,,,,,,
110.cc,,,,,,,,,,,
111.cc,,,,,,,,,,,
112.cc,,,,,,,,,,,
113.cc,,,,,,,,,,,
114.cc,,,,,,,,,,,
115.cc,,,,,,,,,,,
116.cc,,,,,,,,,,,
117.cc,,,,,,,,,,,
118.cc,,,,,,,,,,,
119.cc,,,,,,,,,,,
12.cc,,,,,,,,,,,
120.cc,,,,,,,,,,,
121.cc,,,,,,,,,,,
122.cc,,,,,,,,,,,
123.cc,,,,,,,,,,,
124.cc,,,,,,,,,,,
125.cc,,,,,,,,,,,
126.cc,,,,,,,,,,,
127.cc,,,,,,,,,,,
128.cc,,,,,,,,,,,
129.cc,,,,,,,,,,,
13.cc,,,,,,,,,,,
130.cc,,,,,,,,,,,
131.cc,,,,,,,,,,,
132.cc,,,,,,,,,,,
133.cc,,,,,,,,,,,
134.cc,,,,,,,,,,,
135.cc,,,,,,,,,,,
136.cc,,,,,,,,,,,
137.cc,,,,,,,,,,,
138.cc,,,,,,,,,,,
139.cc,,,,,,,,,,,
14.cc,,,,,,,,,,,
140.cc,,,,,,,,,,,
141.cc,,,,,,,,,,,
142.cc,,,,,,,,,,,
143.cc,,,,,,,,,,,
144.cc,,,,,,,,,,,
145.cc,,,,,,,,,,,
146.cc,,,,,,,,,,,
147.cc,,,,,,,,,,,
148.cc,,,,,,,,,,,
149.cc,,,,,,,,,,,
15.cc,,,,,,,,,,,
150.cc,,,,,,,,,,,
151.cc,,,,,,,,,,,
152.cc,,,,,,,,,,,
153.cc,,,,,,,,,,,
154.cc,,,,,,,,,,,
155.cc,,,,,,,,,,,
156.cc,,,,,,,,,,,
157.cc,,,,,,,,,,,
158.cc,,,,,,,,,,,
159.cc,,,,,,,,,,,
16.cc,,,,,,,,,,,
160.cc,,,,,,,,,,,
161.cc,,,,,,,,,,,
162.cc,,,,,,,,,,,
163.cc,,,,,,,,,,,
164.cc,,,,,,,,,,,
165.cc,,,,,,,,,,,
166.cc,,,,,,,,,,,
167.cc,,,,,,,,,,,
168.cc,,,,,,,,,,,
169.cc,,,,,,,,,,,
17.cc,,,,,,,,,,,
170.cc,,,,,,,,,,,
171.cc,,,,,,,,,,,
172.cc,,,,,,,,,,,
173.cc,,,,,,,,,,,
174.cc,,,,,,,,,,,
175.cc,,,,,,,,,,,
176.cc,,,,,,,,,,,
177.cc,,,,,,,,,,,
178.cc,,,,,,,,,,,
179.cc,,,,,,,,,,,
18.cc,,,,,,,,,,,
180.cc,,,,,,,,,,,
181.cc,,,,,,,,,,,
182.cc,,,,,,,,,,,
183.cc,,,,,,,,,,,
184.cc,,,,,,,,,,,
185.cc,,,,,,,,,,,
186.cc,,,,,,,,,,,
187.cc,,,,,,,,,,,
188.cc,,,,,,,,,,,
189.cc,,,,,,,,,,,
19.cc,,,,,,,,,,,
190.cc,,,,,,,,,,,
191.cc,,,,,,,,,,,
192.cc,,,,,,,,,,,
193.cc,,,,,,,,,,,
194.cc,,,,,,,,,,,
195.cc,,,,,,,,,,,
196.cc,,,,,,,,,,,
197.cc,,,,,,,,,,,
198.cc,,,,,,,,,,,
199.cc,,,,,,,,,,,
2.cc,,,,,,,,,,,
20.cc,,,,,,,,,,,
200.cc,,,,,,,,,,,
201.cc,,,,,,,,,,,
202.cc,,,,,,,,,,,
203.cc,,,,,,,,,,,
204.cc,,,,,,,,,,,
205.cc,,,,,,,,,,,
206.cc,,,,,,,,,,,
207.cc,,,,,,,,,,,
208.cc,,,,,,,,,,,
209.cc,,,,,,,,,,,
21.cc,,,,,,,,,,,
210.cc,,,,,,,,,,,
211.cc,,,,,,,,,,,
212.cc,,,,,,,,,,,
213.cc,,,,,,,,,,,
214.cc,,,,,,,,,,,
215.cc,,,,,,,,,,,
216.cc,,,,,,,,,,,
217.cc,,,,,,,,,,,
218.cc,,,,,,,,,,,
22.cc,,,,,,,,,,,
23.cc,,,,,,,,,,,
24.cc,,,,,,,,,,,
25.cc,,,,,,,,,,,
26.cc,,,,,,,,,,,
27.cc,,,,,,,,,,,
28.cc,,,,,,,,,,,
29.cc,,,,,,,,,,,
3.cc,,,,,,,,,,,
30.cc,,,,,,,,,,,
31.cc,,,,,,,,,,,
32.cc,,,,,,,,,,,
33.cc,,,,,,,,,,,
34.cc,,,,,,,,,,,
35.cc,,,,,,,,,,,
36.cc,,,,,,,,,,,
37.cc,,,,,,,,,,,
38.cc,,,,,,,,,,,
39.cc,,,,,,,,,,,
4.cc,,,,,,,,,,,
40.cc,,,,,,,,,,,
41.cc,,,,,,,,,,,
42.cc,,,,,,,,,,,
43.cc,,,,,,,,,,,
44.cc,,,,,,,,,,,
45.cc,,,,,,,,,,,
46.cc,,,,,,,,,,,
47.cc,,,,,,,,,,,
48.cc,,,,,,,,,,,
49.cc,,,,,,,,,,,
5.cc,,,,,,,,,,,
50.cc,,,,,,,,,,,
51.cc,,,,,,,,,,,
52.cc,,,,,,,,,,,
53.cc,,,,,,,,,,,
54.cc,,,,,,,,,,,
55.cc,,,,,,,,,,,
56.cc,,,,,,,,,,,
57.cc,,,,,,,,,,,
58.cc,,,,,,,,,,,
59.cc,,,,,,,,,,,
6.cc,,,,,,,,,,,
60.cc,,,,,,,,,,,
61.cc,,,,,,,,,,,
62.cc,,,,,,,,,,,
63.cc,,,,,,,,,,,
64.cc,,,,,,,,,,,
65.cc,,,,,,,,,,,
66.cc,,,,,,,,,,,
67.cc,,,,,,,,,,,
68.cc,,,,,,,,,,,
69.cc,,,,,,,,,,,
7.cc,,,,,,,,,,,
70.cc,,,,,,,,,,,
71.cc,,,,,,,,,,,
72.cc,,,,,,,,,,,
73.cc,,,,,,,,,,,
74.cc,,,,,,,,,,,
75.cc,,,,,,,,,,,
76.cc,,,,,,,,,,,
77.cc,,,,,,,,,,,
78.cc,,,,,,,,,,,
79.cc,,,,,,,,,,,
8.cc,,,,,,,,,,,
80.cc,,,,,,,,,,,
81.cc,,,,,,,,,,,
82.cc,,,,,,,,,,,
83.cc,,,,,,,,,,,
84.cc,,,,,,,,,,,
85.cc,,,,,,,,,,,
86.cc,,,,,,,,,,,
87.cc,,,,,,,,,,,
88.cc,,,,,,,,,,,
89.cc,,,,,,,,,,,
9.cc,,,,,,,,,,,
90.cc,,,,,,,,,,,
91.cc,,,,,,,,,,,
92.cc,,,,,,,,,,,
93.cc,,,,,,,,,,,
94.cc,,,,,,,,,,,
95.cc,,,,,,,,,,,
96.cc,,,,,,,,,,,
97.cc,,,,,,,,,,,
98.cc,,,,,,,,,,,
99.cc,,,,,,,,,,,
219.cc,,,,,,,,,,,
220.cc,,,,,,,,,,,
221.cc,,,,,,,,,,,
222.cc,,,,,,,,,,,
223.cc,,,,,,,,,,,
224.cc,,,,,,,,,,,
225.cc,,,,,,,,,,,
226.cc,,,,,,,,,,,
227.cc,,,,,,,,,,,
228.cc,,,,,,,,,,,
229.cc,,,,,,,,,,,
230.cc,,,,,,,,,,,
231.cc,,,,,,,,,,,
232.cc,,,,,,,,,,,
233.cc,,,,,,,,,,,
234.cc,,,,,,,,,,,
235.cc,,,,,,,,,,,
236.cc,,,,,,,,,,,
237.cc,,,,,,,,,,,
238.cc,,,,,,,,,,,
239.cc,,,,,,,,,,,
240.cc,,,,,,,,,,,
241.cc,,,,,,,,,,,
242.cc,,,,,,,,,,,
243.cc,,,,,,,,,,,
244.cc,,,,,,,,,,,
245.cc,,,,,,,,,,,
246.cc,,,,,,,,,,,
247.cc,,,,,,,,,,,
248.cc,,,,,,,,,,,
249.cc,,,,,,,,,,,
250.cc,,,,,,,,,,,
251.cc,,,,,,,,,,,
252.cc,,,,,,,,,,,
253.cc,,,,,,,,,,,
254.cc,,,,,,,,,,,
255.cc,,,,,,,,,,,
256.cc,,,,,,,,,,,
257.cc,,,,,,,,,,,
258.cc,,,,,,,,,,,
259.cc,,,,,,,,,,,
260.cc,,,,,,,,,,,
261.cc,,,,,,,,,,,
262.cc,,,,,,,,,,,
263.cc,,,,,,,,,,,
264.cc,,,,,,,,,,,
265.cc,,,,,,,,,,,
266.cc,,,,,,,,,,,
267.cc,,,,,,,,,,,
268.cc,,,,,,,,,,,
269.cc,,,,,,,,,,,
270.cc,,,,,,,,,,,
271.cc,,,,,,,,,,,
272.cc,,,,,,,,,,,
273.cc,,,,,,,,,,,
274.cc,,,,,,,,,,,
275.cc,,,,,,,,,,,
276.cc,,,,,,,,,,,
277.cc,,,,,,,,,,,
278.cc,,,,,,,,,,,
279.cc,,,,,,,,,,,
280.cc,,,,,,,,,,,
281.cc,,,,,,,,,,,
282.cc,,,,,,,,,,,
283.cc,,,,,,,,,,,
284.cc,,,,,,,,,,,
285.cc,,,,,,,,,,,
286.cc,,,,,,,,,,,
287.cc,,,,,,,,,,,
288.cc,,,,,,,,,,,
289.cc,,,,,,,,,,,
290.cc,,,,,,,,,,,
291.cc,,,,,,,,,,,
292.cc,,,,,,,,,,,
293.cc,,,,,,,,,,,
294.cc,,,,,,,,,,,
295.cc,,,,,,,,,,,
296.cc,,,,,,,,,,,
297.cc,,,,,,,,,,,
298.cc,,,,,,,,,,,
299.cc,,,,,,,,,,,
300.cc,,,,,,,,,,,
301.cc,,,,,,,,,,,
302.cc,,,,,,,,,,,
303.cc,,,,,,,,,,,
304.cc,,,,,,,,,,,
305.cc,,,,,,,,,,,
306.cc,,,,,,,,,,,
307.cc,,,,,,,,,,,
308.cc,,,,,,,,,,,
309.cc,,,,,,,,,,,
310.cc,,,,,,,,,,,
311.cc,,,,,,,,,,,
312.cc,,,,,,,,,,,
313.cc,,,,,,,,,,,
314.cc,,,,,,,,,,,
315.cc,,,,,,,,,,,
316.cc,,,,,,,,,,,
317.cc,,,,,,,,,,,
318.cc,,,,,,,,,,,
319.cc,,,,,,,,,,,
320.cc,,,,,,,,,,,
321.cc,,,,,,,,,,,
322.cc,,,,,,,,,,,
323.cc,,,,,,,,,,,
324.cc,,,,,,,,,,,
325.cc,,,,,,,,,,,
326.cc,,,,,,,,,,,
327.cc,,,,,,,,,,,
328.cc,,,,,,,,,,,
329.cc,,,,,,,,,,,
330.cc,,,,,,,,,,,
331.cc,,,,,,,,,,,
332.cc,,,,,,,,,,,
333.cc,,,,,,,,,,,
334.cc,,,,,,,,,,,
335.cc,,,,,,,,,,,
336.cc,,,,,,,,,,,
337.cc,,,,,,,,,,,
338.cc,,,,,,,,,,,
339.cc,,,,,,,,,,,
340.cc,,,,,,,,,,,
341.cc,,,,,,,,,,,
342.cc,,,,,,,,,,,
343.cc,,,,,,,,,,,
344.cc,,,,,,,,,,,
345.cc,,,,,,,,,,,
346.cc,,,,,,,,,,,
347.cc,,,,,,,,,,,
348.cc,,,,,,,,,,,
349.cc,,,,,,,,,,,
350.cc,,,,,,,,,,,
351.cc,,,,,,,,,,,
352.cc,,,,,,,,,,,
353.cc,,,,,,,,,,,
354.cc,,,,,,,,,,,
355.cc,,,,,,,,,,,
356.cc,,,,,,,,,,,
357.cc,,,,,,,,,,,
358.cc,,,,,,,,,,,
359.cc,,,,,,,,,,,
360.cc,,,,,,,,,,,
361.cc,,,,,,,,,,,
362.cc,,,,,,,,,,,
363.cc,,,,,,,,,,,
364.cc,,,,,,,,,,,
365.cc,,,,,,,,,,,
366.cc,,,,,,,,,,,
367.cc,,,,,,,,,,,
368.cc,,,,,,,,,,,
369.cc,,,,,,,,,,,
370.cc,,,,,,,,,,,
371.cc,,,,,,,,,,,
372.cc,,,,,,,,,,,
373.cc,,,,,,,,,,,
374.cc,,,,,,,,,,,
375.cc,,,,,,,,,,,
376.cc,,,,,,,,,,,
377.cc,,,,,,,,,,,
378.cc,,,,,,,,,,,
379.cc,,,,,,,,,,,
380.cc,,,,,,,,,,,
381.cc,,,,,,,,,,,
382.cc,,,,,,,,,,,
383.cc,,,,,,,,,,,
384.cc,,,,,,,,,,,
385.cc,,,,,,,,,,,
386.cc,,,,,,,,,,,
387.cc,,,,,,,,,,,
388.cc,,,,,,,,,,,
389.cc,,,,,,,,,,,
390.cc,,,,,,,,,,,
391.cc,,,,,,,,,,,
392.cc,,,,,,,,,,,
393.cc,,,,,,,,,,,
394.cc,,,,,,,,,,,
395.cc,,,,,,,,,,,
396.cc,,,,,,,,,,,
397.cc,,,,,,,,,,,
398.cc,,,,,,,,,,,
399.cc,,,,,,,,,,,
400.cc,,,,,,,,,,,
AVERAGE,,,,,,,,,,,
